{"search":"","showTags":false,"showAttachments":false,"hideUnresolved":false,"showOrphans":false,"showArrow":false,"textFadeMultiplier":-1.5,"nodeSizeMultiplier":1.50780372191011,"lineSizeMultiplier":1.63555126404494,"centerStrength":0.275368679775281,"repelStrength":7.42801966292135,"linkStrength":0.651070926966292,"linkDistance":111,"scale":1.2680452668843407}